{"v":"5.1.16","fr":25,"ip":0,"op":126,"w":288,"h":288,"nm":"Main","ddd":1,"assets":[{"id":"comp_0","layers":[{"ddd":0,"ind":1,"ty":3,"nm":"NULL","sr":1,"ks":{"o":{"a":0,"k":0,"ix":11},"r":{"a":0,"k":0,"ix":10},"p":{"a":0,"k":[42.5,42.5,0],"ix":2},"a":{"a":0,"k":[60,60,0],"ix":1},"s":{"a":0,"k":[-100,100,100],"ix":6}},"ao":0,"ip":25,"op":97,"st":0,"bm":0},{"ddd":1,"ind":2,"ty":4,"nm":"Layer 1/B Outlines 4","td":1,"sr":1,"ks":{"o":{"a":0,"k":100,"ix":11},"rx":{"a":0,"k":0,"ix":8},"ry":{"a":0,"k":0,"ix":9},"rz":{"a":0,"k":0,"ix":10},"or":{"a":0,"k":[0,0,0],"ix":7},"p":{"a":0,"k":[42.5,42.5,0],"ix":2},"a":{"a":0,"k":[40.5,40.5,0],"ix":1},"s":{"a":0,"k":[-101,101,101],"ix":6}},"ao":0,"shapes":[{"ty":"gr","it":[{"ind":0,"ty":"sh","ix":1,"ks":{"a":0,"k":{"i":[[22.051,0],[0,-22.052],[-22.051,0],[0,22.049]],"o":[[-22.051,0],[0,22.049],[22.051,0],[0,-22.052]],"v":[[0,-39.927],[-39.926,0.002],[0,39.927],[39.926,0.002]],"c":true},"ix":2},"nm":"Path 2","mn":"ADBE Vector Shape - Group","hd":false},{"ty":"mm","mm":1,"nm":"Merge Paths 1","mn":"ADBE Vector Filter - Merge","hd":false},{"ty":"fl","c":{"a":0,"k":[0.987999949736,0.702000038297,0.086000001197,1],"ix":4},"o":{"a":0,"k":100,"ix":5},"r":1,"nm":"Fill 1","mn":"ADBE Vector Graphic - Fill","hd":false},{"ty":"tr","p":{"a":0,"k":[40.176,40.177],"ix":2},"a":{"a":0,"k":[0,0],"ix":1},"s":{"a":0,"k":[100,100],"ix":3},"r":{"a":0,"k":0,"ix":6},"o":{"a":0,"k":100,"ix":7},"sk":{"a":0,"k":0,"ix":4},"sa":{"a":0,"k":0,"ix":5},"nm":"Transform"}],"nm":"Group 2","np":3,"cix":2,"ix":1,"mn":"ADBE Vector Group","hd":false}],"ip":25,"op":97,"st":0,"bm":0},{"ddd":1,"ind":3,"ty":4,"nm":"Shape Layer 4","parent":1,"tt":1,"sr":1,"ks":{"o":{"a":0,"k":100,"ix":11},"rx":{"a":0,"k":0,"ix":8},"ry":{"a":0,"k":0,"ix":9},"rz":{"a":0,"k":30,"ix":10},"or":{"a":0,"k":[0,0,0],"ix":7},"p":{"a":1,"k":[{"i":{"x":0.411,"y":1},"o":{"x":0.167,"y":0.167},"n":"0p411_1_0p167_0p167","t":26,"s":[13.896,36.476,0],"e":[105.5,87,0],"to":[21.8895320892334,12.0730924606323,0],"ti":[0,0,0]},{"t":46}],"ix":2},"a":{"a":0,"k":[-77.5,2,0],"ix":1},"s":{"a":0,"k":[100,100,100],"ix":6}},"ao":0,"shapes":[{"ty":"gr","it":[{"ty":"rc","d":1,"s":{"a":0,"k":[19,153],"ix":2},"p":{"a":0,"k":[0,0],"ix":3},"r":{"a":0,"k":0,"ix":4},"nm":"Rectangle Path 1","mn":"ADBE Vector Shape - Rect","hd":false},{"ty":"fl","c":{"a":0,"k":[1,1,1,1],"ix":4},"o":{"a":0,"k":100,"ix":5},"r":1,"nm":"Fill 1","mn":"ADBE Vector Graphic - Fill","hd":false},{"ty":"tr","p":{"a":0,"k":[-77.5,2],"ix":2},"a":{"a":0,"k":[0,0],"ix":1},"s":{"a":0,"k":[100,100],"ix":3},"r":{"a":0,"k":0,"ix":6},"o":{"a":0,"k":100,"ix":7},"sk":{"a":0,"k":0,"ix":4},"sa":{"a":0,"k":0,"ix":5},"nm":"Transform"}],"nm":"Rectangle 1","np":3,"cix":2,"ix":1,"mn":"ADBE Vector Group","hd":false}],"ip":26,"op":97,"st":26,"bm":0},{"ddd":1,"ind":4,"ty":4,"nm":"Layer 1/B Outlines 3","sr":1,"ks":{"o":{"a":0,"k":100,"ix":11},"rx":{"a":0,"k":0,"ix":8},"ry":{"a":0,"k":0,"ix":9},"rz":{"a":0,"k":0,"ix":10},"or":{"a":0,"k":[0,0,0],"ix":7},"p":{"a":0,"k":[42.5,42.5,0],"ix":2},"a":{"a":0,"k":[40.5,40.5,0],"ix":1},"s":{"a":0,"k":[-100,100,100],"ix":6}},"ao":0,"shapes":[{"ty":"gr","it":[{"ind":0,"ty":"sh","ix":1,"ks":{"a":0,"k":{"i":[[2.416,0],[0,0],[0,0],[0,0],[0,0],[0,0],[0,2.415],[0,0]],"o":[[0,0],[0,0],[0,0],[0,0],[0,0],[2.416,0],[0,0],[0,-2.415]],"v":[[4.412,-4.72],[3.402,-4.72],[-8.793,-4.72],[-8.793,4.72],[-7.127,4.72],[4.412,4.72],[8.793,0.341],[8.793,-0.34]],"c":true},"ix":2},"nm":"Path 1","mn":"ADBE Vector Shape - Group","hd":false},{"ty":"fl","c":{"a":0,"k":[0.987999949736,0.702000038297,0.086000001197,1],"ix":4},"o":{"a":0,"k":100,"ix":5},"r":1,"nm":"Fill 1","mn":"ADBE Vector Graphic - Fill","hd":false},{"ty":"tr","p":{"a":0,"k":[43.587,48.762],"ix":2},"a":{"a":0,"k":[0,0],"ix":1},"s":{"a":0,"k":[100,100],"ix":3},"r":{"a":0,"k":0,"ix":6},"o":{"a":0,"k":100,"ix":7},"sk":{"a":0,"k":0,"ix":4},"sa":{"a":0,"k":0,"ix":5},"nm":"Transform"}],"nm":"Group 1","np":2,"cix":2,"ix":1,"mn":"ADBE Vector Group","hd":false},{"ty":"gr","it":[{"ind":0,"ty":"sh","ix":1,"ks":{"a":0,"k":{"i":[[0,0],[6.75,0],[0,0],[0,0],[0,0],[0,0],[0,0],[0,0],[0,0],[0,0],[0,0],[0,0],[0,0],[0,0],[0,0],[0,0],[0,0],[0,0],[0,0],[0,0],[0,0],[0,0],[0,0],[0,0],[0,0],[0,0],[0,0],[0,0],[0,-6.257],[0,0],[1.545,-1.994],[0,-3.543]],"o":[[0,6.747],[0,0],[0,0],[0,0],[0,0],[0,0],[0,0],[0,0],[0,0],[0,0],[0,0],[0,0],[0,0],[0,0],[0,0],[0,0],[0,0],[0,0],[0,0],[0,0],[0,0],[0,0],[0,0],[0,0],[0,0],[0,0],[0,0],[6.166,0.37],[0,0],[0,2.711],[2.419,2.236],[0,0]],"v":[[20.063,8.926],[7.822,21.161],[7.525,21.161],[7.525,24.773],[-0.333,24.773],[-0.333,21.161],[-3.554,21.161],[-3.554,24.773],[-11.409,24.773],[-11.409,21.161],[-13.24,21.161],[-17.138,21.161],[-17.138,13.305],[-13.24,13.305],[-13.24,3.865],[-13.24,-3.992],[-13.24,-12.494],[-17.138,-12.494],[-17.138,-20.35],[-13.24,-20.35],[-11.409,-20.35],[-11.409,-24.772],[-3.554,-24.772],[-3.554,-20.35],[-0.333,-20.35],[-0.333,-24.772],[7.525,-24.772],[7.525,-20.313],[18.599,-8.566],[18.599,-7.92],[16.122,-0.722],[20.063,8.244]],"c":true},"ix":2},"nm":"Path 1","mn":"ADBE Vector Shape - Group","hd":false},{"ind":1,"ty":"sh","ix":2,"ks":{"a":0,"k":{"i":[[22.051,0],[0,-22.052],[-22.051,0],[0,22.049]],"o":[[-22.051,0],[0,22.049],[22.051,0],[0,-22.052]],"v":[[0,-39.927],[-39.926,0.002],[0,39.927],[39.926,0.002]],"c":true},"ix":2},"nm":"Path 2","mn":"ADBE Vector Shape - Group","hd":false},{"ty":"mm","mm":1,"nm":"Merge Paths 1","mn":"ADBE Vector Filter - Merge","hd":false},{"ty":"fl","c":{"a":0,"k":[0.987999949736,0.702000038297,0.086000001197,1],"ix":4},"o":{"a":0,"k":100,"ix":5},"r":1,"nm":"Fill 1","mn":"ADBE Vector Graphic - Fill","hd":false},{"ty":"tr","p":{"a":0,"k":[40.176,40.177],"ix":2},"a":{"a":0,"k":[0,0],"ix":1},"s":{"a":0,"k":[100,100],"ix":3},"r":{"a":0,"k":0,"ix":6},"o":{"a":0,"k":100,"ix":7},"sk":{"a":0,"k":0,"ix":4},"sa":{"a":0,"k":0,"ix":5},"nm":"Transform"}],"nm":"Group 2","np":4,"cix":2,"ix":2,"mn":"ADBE Vector Group","hd":false},{"ty":"gr","it":[{"ind":0,"ty":"sh","ix":1,"ks":{"a":0,"k":{"i":[[0,2.166],[0,0],[2.163,0],[0,0],[0,0],[0,0],[0,0]],"o":[[0,0],[0,-2.167],[0,0],[0,0],[0,0],[0,0],[2.163,0]],"v":[[8.062,0.323],[8.062,-0.323],[4.132,-4.251],[-6.396,-4.251],[-8.062,-4.251],[-8.062,4.251],[4.132,4.251]],"c":true},"ix":2},"nm":"Path 1","mn":"ADBE Vector Shape - Group","hd":false},{"ty":"fl","c":{"a":0,"k":[0.987999949736,0.702000038297,0.086000001197,1],"ix":4},"o":{"a":0,"k":100,"ix":5},"r":1,"nm":"Fill 1","mn":"ADBE Vector Graphic - Fill","hd":false},{"ty":"tr","p":{"a":0,"k":[42.857,31.934],"ix":2},"a":{"a":0,"k":[0,0],"ix":1},"s":{"a":0,"k":[100,100],"ix":3},"r":{"a":0,"k":0,"ix":6},"o":{"a":0,"k":100,"ix":7},"sk":{"a":0,"k":0,"ix":4},"sa":{"a":0,"k":0,"ix":5},"nm":"Transform"}],"nm":"Group 3","np":2,"cix":2,"ix":3,"mn":"ADBE Vector Group","hd":false}],"ip":25,"op":97,"st":0,"bm":0},{"ddd":1,"ind":5,"ty":4,"nm":"Layer 1/B Outlines 2","sr":1,"ks":{"o":{"a":0,"k":100,"ix":11},"rx":{"a":0,"k":0,"ix":8},"ry":{"a":0,"k":0,"ix":9},"rz":{"a":0,"k":0,"ix":10},"or":{"a":0,"k":[0,0,0],"ix":7},"p":{"a":0,"k":[42.5,42.5,0],"ix":2},"a":{"a":0,"k":[40.5,40.5,0],"ix":1},"s":{"a":0,"k":[95,95,95],"ix":6}},"ao":0,"shapes":[{"ty":"gr","it":[{"ind":0,"ty":"sh","ix":1,"ks":{"a":0,"k":{"i":[[22.051,0],[0,-22.052],[-22.051,0],[0,22.049]],"o":[[-22.051,0],[0,22.049],[22.051,0],[0,-22.052]],"v":[[0,-39.927],[-39.926,0.002],[0,39.927],[39.926,0.002]],"c":true},"ix":2},"nm":"Path 2","mn":"ADBE Vector Shape - Group","hd":false},{"ty":"mm","mm":1,"nm":"Merge Paths 1","mn":"ADBE Vector Filter - Merge","hd":false},{"ty":"tr","p":{"a":0,"k":[40.176,40.177],"ix":2},"a":{"a":0,"k":[0,0],"ix":1},"s":{"a":0,"k":[100,100],"ix":3},"r":{"a":0,"k":0,"ix":6},"o":{"a":0,"k":100,"ix":7},"sk":{"a":0,"k":0,"ix":4},"sa":{"a":0,"k":0,"ix":5},"nm":"Transform"}],"nm":"Group 2","np":3,"cix":2,"ix":1,"mn":"ADBE Vector Group","hd":false},{"ty":"st","c":{"a":0,"k":[1,1,1,1],"ix":3},"o":{"a":0,"k":100,"ix":4},"w":{"a":0,"k":10,"ix":5},"lc":1,"lj":1,"ml":4,"nm":"Stroke 1","mn":"ADBE Vector Graphic - Stroke","hd":false}],"ip":25,"op":97,"st":0,"bm":0},{"ddd":1,"ind":6,"ty":4,"nm":"Shape Layer 3","sr":1,"ks":{"o":{"a":0,"k":100,"ix":11},"rx":{"a":0,"k":0,"ix":8},"ry":{"a":0,"k":0,"ix":9},"rz":{"a":0,"k":0,"ix":10},"or":{"a":0,"k":[0,0,0],"ix":7},"p":{"a":0,"k":[42.5,42.5,0],"ix":2},"a":{"a":0,"k":[0,0,0],"ix":1},"s":{"a":0,"k":[100,100,100],"ix":6}},"ao":0,"shapes":[{"ty":"gr","it":[{"d":1,"ty":"el","s":{"a":0,"k":[69.5,69.5],"ix":2},"p":{"a":0,"k":[0,0],"ix":3},"nm":"Ellipse Path 1","mn":"ADBE Vector Shape - Ellipse","hd":false},{"ty":"fl","c":{"a":0,"k":[1,1,1,1],"ix":4},"o":{"a":0,"k":100,"ix":5},"r":1,"nm":"Fill 1","mn":"ADBE Vector Graphic - Fill","hd":false},{"ty":"tr","p":{"a":0,"k":[0.5,2.25],"ix":2},"a":{"a":0,"k":[0,0],"ix":1},"s":{"a":0,"k":[100,100],"ix":3},"r":{"a":0,"k":0,"ix":6},"o":{"a":0,"k":100,"ix":7},"sk":{"a":0,"k":0,"ix":4},"sa":{"a":0,"k":0,"ix":5},"nm":"Transform"}],"nm":"Ellipse 1","np":3,"cix":2,"ix":1,"mn":"ADBE Vector Group","hd":false}],"ip":25,"op":97,"st":0,"bm":0},{"ddd":1,"ind":7,"ty":4,"nm":"Layer 1/B Outlines","td":1,"sr":1,"ks":{"o":{"a":0,"k":100,"ix":11},"rx":{"a":0,"k":0,"ix":8},"ry":{"a":0,"k":0,"ix":9},"rz":{"a":0,"k":0,"ix":10},"or":{"a":0,"k":[0,0,0],"ix":7},"p":{"a":0,"k":[42.5,42.5,0],"ix":2},"a":{"a":0,"k":[40.5,40.5,0],"ix":1},"s":{"a":0,"k":[101,101,101],"ix":6}},"ao":0,"shapes":[{"ty":"gr","it":[{"ind":0,"ty":"sh","ix":1,"ks":{"a":0,"k":{"i":[[22.051,0],[0,-22.052],[-22.051,0],[0,22.049]],"o":[[-22.051,0],[0,22.049],[22.051,0],[0,-22.052]],"v":[[0,-39.927],[-39.926,0.002],[0,39.927],[39.926,0.002]],"c":true},"ix":2},"nm":"Path 2","mn":"ADBE Vector Shape - Group","hd":false},{"ty":"mm","mm":1,"nm":"Merge Paths 1","mn":"ADBE Vector Filter - Merge","hd":false},{"ty":"fl","c":{"a":0,"k":[0.987999949736,0.702000038297,0.086000001197,1],"ix":4},"o":{"a":0,"k":100,"ix":5},"r":1,"nm":"Fill 1","mn":"ADBE Vector Graphic - Fill","hd":false},{"ty":"tr","p":{"a":0,"k":[40.176,40.177],"ix":2},"a":{"a":0,"k":[0,0],"ix":1},"s":{"a":0,"k":[100,100],"ix":3},"r":{"a":0,"k":0,"ix":6},"o":{"a":0,"k":100,"ix":7},"sk":{"a":0,"k":0,"ix":4},"sa":{"a":0,"k":0,"ix":5},"nm":"Transform"}],"nm":"Group 2","np":3,"cix":2,"ix":1,"mn":"ADBE Vector Group","hd":false}],"ip":0,"op":750,"st":0,"bm":0},{"ddd":1,"ind":8,"ty":4,"nm":"Shape Layer 2","tt":1,"sr":1,"ks":{"o":{"a":0,"k":100,"ix":11},"rx":{"a":0,"k":0,"ix":8},"ry":{"a":0,"k":0,"ix":9},"rz":{"a":0,"k":30,"ix":10},"or":{"a":0,"k":[0,0,0],"ix":7},"p":{"a":1,"k":[{"i":{"x":0.411,"y":1},"o":{"x":0.167,"y":0.167},"n":"0p411_1_0p167_0p167","t":96,"s":[-3.604,18.976,0],"e":[88,69.5,0],"to":[21.8895320892334,12.0730924606323,0],"ti":[-14.7288341522217,-8.12363529205322,0]},{"t":116}],"ix":2},"a":{"a":0,"k":[-77.5,2,0],"ix":1},"s":{"a":0,"k":[100,100,100],"ix":6}},"ao":0,"shapes":[{"ty":"gr","it":[{"ty":"rc","d":1,"s":{"a":0,"k":[19,153],"ix":2},"p":{"a":0,"k":[0,0],"ix":3},"r":{"a":0,"k":0,"ix":4},"nm":"Rectangle Path 1","mn":"ADBE Vector Shape - Rect","hd":false},{"ty":"fl","c":{"a":0,"k":[1,1,1,1],"ix":4},"o":{"a":0,"k":100,"ix":5},"r":1,"nm":"Fill 1","mn":"ADBE Vector Graphic - Fill","hd":false},{"ty":"tr","p":{"a":0,"k":[-77.5,2],"ix":2},"a":{"a":0,"k":[0,0],"ix":1},"s":{"a":0,"k":[100,100],"ix":3},"r":{"a":0,"k":0,"ix":6},"o":{"a":0,"k":100,"ix":7},"sk":{"a":0,"k":0,"ix":4},"sa":{"a":0,"k":0,"ix":5},"nm":"Transform"}],"nm":"Rectangle 1","np":3,"cix":2,"ix":1,"mn":"ADBE Vector Group","hd":false}],"ip":96,"op":846,"st":96,"bm":0},{"ddd":1,"ind":9,"ty":4,"nm":"Layer 1/B Outlines","sr":1,"ks":{"o":{"a":0,"k":100,"ix":11},"rx":{"a":0,"k":0,"ix":8},"ry":{"a":0,"k":0,"ix":9},"rz":{"a":0,"k":0,"ix":10},"or":{"a":0,"k":[0,0,0],"ix":7},"p":{"a":0,"k":[42.5,42.5,0],"ix":2},"a":{"a":0,"k":[40.5,40.5,0],"ix":1},"s":{"a":0,"k":[100,100,100],"ix":6}},"ao":0,"shapes":[{"ty":"gr","it":[{"ind":0,"ty":"sh","ix":1,"ks":{"a":0,"k":{"i":[[2.416,0],[0,0],[0,0],[0,0],[0,0],[0,0],[0,2.415],[0,0]],"o":[[0,0],[0,0],[0,0],[0,0],[0,0],[2.416,0],[0,0],[0,-2.415]],"v":[[4.412,-4.72],[3.402,-4.72],[-8.793,-4.72],[-8.793,4.72],[-7.127,4.72],[4.412,4.72],[8.793,0.341],[8.793,-0.34]],"c":true},"ix":2},"nm":"Path 1","mn":"ADBE Vector Shape - Group","hd":false},{"ty":"fl","c":{"a":0,"k":[0.987999949736,0.702000038297,0.086000001197,1],"ix":4},"o":{"a":0,"k":100,"ix":5},"r":1,"nm":"Fill 1","mn":"ADBE Vector Graphic - Fill","hd":false},{"ty":"tr","p":{"a":0,"k":[43.587,48.762],"ix":2},"a":{"a":0,"k":[0,0],"ix":1},"s":{"a":0,"k":[100,100],"ix":3},"r":{"a":0,"k":0,"ix":6},"o":{"a":0,"k":100,"ix":7},"sk":{"a":0,"k":0,"ix":4},"sa":{"a":0,"k":0,"ix":5},"nm":"Transform"}],"nm":"Group 1","np":2,"cix":2,"ix":1,"mn":"ADBE Vector Group","hd":false},{"ty":"gr","it":[{"ind":0,"ty":"sh","ix":1,"ks":{"a":0,"k":{"i":[[0,0],[6.75,0],[0,0],[0,0],[0,0],[0,0],[0,0],[0,0],[0,0],[0,0],[0,0],[0,0],[0,0],[0,0],[0,0],[0,0],[0,0],[0,0],[0,0],[0,0],[0,0],[0,0],[0,0],[0,0],[0,0],[0,0],[0,0],[0,0],[0,-6.257],[0,0],[1.545,-1.994],[0,-3.543]],"o":[[0,6.747],[0,0],[0,0],[0,0],[0,0],[0,0],[0,0],[0,0],[0,0],[0,0],[0,0],[0,0],[0,0],[0,0],[0,0],[0,0],[0,0],[0,0],[0,0],[0,0],[0,0],[0,0],[0,0],[0,0],[0,0],[0,0],[0,0],[6.166,0.37],[0,0],[0,2.711],[2.419,2.236],[0,0]],"v":[[20.063,8.926],[7.822,21.161],[7.525,21.161],[7.525,24.773],[-0.333,24.773],[-0.333,21.161],[-3.554,21.161],[-3.554,24.773],[-11.409,24.773],[-11.409,21.161],[-13.24,21.161],[-17.138,21.161],[-17.138,13.305],[-13.24,13.305],[-13.24,3.865],[-13.24,-3.992],[-13.24,-12.494],[-17.138,-12.494],[-17.138,-20.35],[-13.24,-20.35],[-11.409,-20.35],[-11.409,-24.772],[-3.554,-24.772],[-3.554,-20.35],[-0.333,-20.35],[-0.333,-24.772],[7.525,-24.772],[7.525,-20.313],[18.599,-8.566],[18.599,-7.92],[16.122,-0.722],[20.063,8.244]],"c":true},"ix":2},"nm":"Path 1","mn":"ADBE Vector Shape - Group","hd":false},{"ind":1,"ty":"sh","ix":2,"ks":{"a":0,"k":{"i":[[22.051,0],[0,-22.052],[-22.051,0],[0,22.049]],"o":[[-22.051,0],[0,22.049],[22.051,0],[0,-22.052]],"v":[[0,-39.927],[-39.926,0.002],[0,39.927],[39.926,0.002]],"c":true},"ix":2},"nm":"Path 2","mn":"ADBE Vector Shape - Group","hd":false},{"ty":"mm","mm":1,"nm":"Merge Paths 1","mn":"ADBE Vector Filter - Merge","hd":false},{"ty":"fl","c":{"a":0,"k":[0.987999949736,0.702000038297,0.086000001197,1],"ix":4},"o":{"a":0,"k":100,"ix":5},"r":1,"nm":"Fill 1","mn":"ADBE Vector Graphic - Fill","hd":false},{"ty":"tr","p":{"a":0,"k":[40.176,40.177],"ix":2},"a":{"a":0,"k":[0,0],"ix":1},"s":{"a":0,"k":[100,100],"ix":3},"r":{"a":0,"k":0,"ix":6},"o":{"a":0,"k":100,"ix":7},"sk":{"a":0,"k":0,"ix":4},"sa":{"a":0,"k":0,"ix":5},"nm":"Transform"}],"nm":"Group 2","np":4,"cix":2,"ix":2,"mn":"ADBE Vector Group","hd":false},{"ty":"gr","it":[{"ind":0,"ty":"sh","ix":1,"ks":{"a":0,"k":{"i":[[0,2.166],[0,0],[2.163,0],[0,0],[0,0],[0,0],[0,0]],"o":[[0,0],[0,-2.167],[0,0],[0,0],[0,0],[0,0],[2.163,0]],"v":[[8.062,0.323],[8.062,-0.323],[4.132,-4.251],[-6.396,-4.251],[-8.062,-4.251],[-8.062,4.251],[4.132,4.251]],"c":true},"ix":2},"nm":"Path 1","mn":"ADBE Vector Shape - Group","hd":false},{"ty":"fl","c":{"a":0,"k":[0.987999949736,0.702000038297,0.086000001197,1],"ix":4},"o":{"a":0,"k":100,"ix":5},"r":1,"nm":"Fill 1","mn":"ADBE Vector Graphic - Fill","hd":false},{"ty":"tr","p":{"a":0,"k":[42.857,31.934],"ix":2},"a":{"a":0,"k":[0,0],"ix":1},"s":{"a":0,"k":[100,100],"ix":3},"r":{"a":0,"k":0,"ix":6},"o":{"a":0,"k":100,"ix":7},"sk":{"a":0,"k":0,"ix":4},"sa":{"a":0,"k":0,"ix":5},"nm":"Transform"}],"nm":"Group 3","np":2,"cix":2,"ix":3,"mn":"ADBE Vector Group","hd":false}],"ip":0,"op":750,"st":0,"bm":0},{"ddd":1,"ind":10,"ty":4,"nm":"Layer 1/B Outlines","sr":1,"ks":{"o":{"a":0,"k":100,"ix":11},"rx":{"a":0,"k":0,"ix":8},"ry":{"a":0,"k":0,"ix":9},"rz":{"a":0,"k":0,"ix":10},"or":{"a":0,"k":[0,0,0],"ix":7},"p":{"a":0,"k":[42.5,42.5,0],"ix":2},"a":{"a":0,"k":[40.5,40.5,0],"ix":1},"s":{"a":0,"k":[95,95,95],"ix":6}},"ao":0,"shapes":[{"ty":"gr","it":[{"ind":0,"ty":"sh","ix":1,"ks":{"a":0,"k":{"i":[[22.051,0],[0,-22.052],[-22.051,0],[0,22.049]],"o":[[-22.051,0],[0,22.049],[22.051,0],[0,-22.052]],"v":[[0,-39.927],[-39.926,0.002],[0,39.927],[39.926,0.002]],"c":true},"ix":2},"nm":"Path 2","mn":"ADBE Vector Shape - Group","hd":false},{"ty":"mm","mm":1,"nm":"Merge Paths 1","mn":"ADBE Vector Filter - Merge","hd":false},{"ty":"tr","p":{"a":0,"k":[40.176,40.177],"ix":2},"a":{"a":0,"k":[0,0],"ix":1},"s":{"a":0,"k":[100,100],"ix":3},"r":{"a":0,"k":0,"ix":6},"o":{"a":0,"k":100,"ix":7},"sk":{"a":0,"k":0,"ix":4},"sa":{"a":0,"k":0,"ix":5},"nm":"Transform"}],"nm":"Group 2","np":3,"cix":2,"ix":1,"mn":"ADBE Vector Group","hd":false},{"ty":"st","c":{"a":0,"k":[1,1,1,1],"ix":3},"o":{"a":0,"k":100,"ix":4},"w":{"a":0,"k":10,"ix":5},"lc":1,"lj":1,"ml":4,"nm":"Stroke 1","mn":"ADBE Vector Graphic - Stroke","hd":false}],"ip":0,"op":750,"st":0,"bm":0},{"ddd":1,"ind":11,"ty":4,"nm":"Shape Layer 1","sr":1,"ks":{"o":{"a":0,"k":100,"ix":11},"rx":{"a":0,"k":0,"ix":8},"ry":{"a":0,"k":0,"ix":9},"rz":{"a":0,"k":0,"ix":10},"or":{"a":0,"k":[0,0,0],"ix":7},"p":{"a":0,"k":[42.5,42.5,0],"ix":2},"a":{"a":0,"k":[0,0,0],"ix":1},"s":{"a":0,"k":[100,100,100],"ix":6}},"ao":0,"shapes":[{"ty":"gr","it":[{"d":1,"ty":"el","s":{"a":0,"k":[69.5,69.5],"ix":2},"p":{"a":0,"k":[0,0],"ix":3},"nm":"Ellipse Path 1","mn":"ADBE Vector Shape - Ellipse","hd":false},{"ty":"fl","c":{"a":0,"k":[1,1,1,1],"ix":4},"o":{"a":0,"k":100,"ix":5},"r":1,"nm":"Fill 1","mn":"ADBE Vector Graphic - Fill","hd":false},{"ty":"tr","p":{"a":0,"k":[0.5,2.25],"ix":2},"a":{"a":0,"k":[0,0],"ix":1},"s":{"a":0,"k":[100,100],"ix":3},"r":{"a":0,"k":0,"ix":6},"o":{"a":0,"k":100,"ix":7},"sk":{"a":0,"k":0,"ix":4},"sa":{"a":0,"k":0,"ix":5},"nm":"Transform"}],"nm":"Ellipse 1","np":3,"cix":2,"ix":1,"mn":"ADBE Vector Group","hd":false}],"ip":0,"op":750,"st":0,"bm":0}]},{"id":"comp_1","layers":[{"ddd":1,"ind":2,"ty":4,"nm":"Layer 1/B Outlines","sr":1,"ks":{"o":{"a":0,"k":100,"ix":11},"rx":{"a":0,"k":0,"ix":8},"ry":{"a":0,"k":0,"ix":9},"rz":{"a":0,"k":0,"ix":10},"or":{"a":0,"k":[0,0,0],"ix":7},"p":{"a":0,"k":[42.5,42.5,0],"ix":2},"a":{"a":0,"k":[40.5,40.5,0],"ix":1},"s":{"a":0,"k":[95,95,95],"ix":6}},"ao":0,"shapes":[{"ty":"gr","it":[{"ind":0,"ty":"sh","ix":1,"ks":{"a":0,"k":{"i":[[22.051,0],[0,-22.052],[-22.051,0],[0,22.049]],"o":[[-22.051,0],[0,22.049],[22.051,0],[0,-22.052]],"v":[[0,-39.927],[-39.926,0.002],[0,39.927],[39.926,0.002]],"c":true},"ix":2},"nm":"Path 2","mn":"ADBE Vector Shape - Group","hd":false},{"ty":"mm","mm":1,"nm":"Merge Paths 1","mn":"ADBE Vector Filter - Merge","hd":false},{"ty":"fl","c":{"a":0,"k":[1,1,1,1],"ix":4},"o":{"a":0,"k":100,"ix":5},"r":1,"nm":"Fill 1","mn":"ADBE Vector Graphic - Fill","hd":false},{"ty":"tr","p":{"a":0,"k":[40.176,40.177],"ix":2},"a":{"a":0,"k":[0,0],"ix":1},"s":{"a":0,"k":[100,100],"ix":3},"r":{"a":0,"k":0,"ix":6},"o":{"a":0,"k":100,"ix":7},"sk":{"a":0,"k":0,"ix":4},"sa":{"a":0,"k":0,"ix":5},"nm":"Transform"}],"nm":"Group 2","np":3,"cix":2,"ix":1,"mn":"ADBE Vector Group","hd":false},{"ty":"fl","c":{"a":0,"k":[1,1,1,1],"ix":4},"o":{"a":0,"k":100,"ix":5},"r":1,"nm":"Fill 1","mn":"ADBE Vector Graphic - Fill","hd":false},{"ty":"st","c":{"a":0,"k":[1,1,1,1],"ix":3},"o":{"a":0,"k":100,"ix":4},"w":{"a":0,"k":10,"ix":5},"lc":1,"lj":1,"ml":4,"nm":"Stroke 1","mn":"ADBE Vector Graphic - Stroke","hd":false}],"ip":0,"op":750,"st":0,"bm":0}]},{"id":"comp_2","layers":[{"ddd":0,"ind":1,"ty":3,"nm":"NULL","sr":1,"ks":{"o":{"a":0,"k":0,"ix":11},"r":{"a":0,"k":0,"ix":10},"p":{"a":0,"k":[42.5,42.5,0],"ix":2},"a":{"a":0,"k":[60,60,0],"ix":1},"s":{"a":0,"k":[-100,100,100],"ix":6}},"ao":0,"ip":0,"op":750,"st":0,"bm":0},{"ddd":1,"ind":2,"ty":4,"nm":"Layer 1/B Outlines","td":1,"sr":1,"ks":{"o":{"a":0,"k":100,"ix":11},"rx":{"a":0,"k":0,"ix":8},"ry":{"a":0,"k":0,"ix":9},"rz":{"a":0,"k":0,"ix":10},"or":{"a":0,"k":[0,0,0],"ix":7},"p":{"a":0,"k":[42.5,42.5,0],"ix":2},"a":{"a":0,"k":[40.5,40.5,0],"ix":1},"s":{"a":0,"k":[-100,100,100],"ix":6}},"ao":0,"shapes":[{"ty":"gr","it":[{"ind":0,"ty":"sh","ix":1,"ks":{"a":0,"k":{"i":[[22.051,0],[0,-22.052],[-22.051,0],[0,22.049]],"o":[[-22.051,0],[0,22.049],[22.051,0],[0,-22.052]],"v":[[0,-39.927],[-39.926,0.002],[0,39.927],[39.926,0.002]],"c":true},"ix":2},"nm":"Path 2","mn":"ADBE Vector Shape - Group","hd":false},{"ty":"mm","mm":1,"nm":"Merge Paths 1","mn":"ADBE Vector Filter - Merge","hd":false},{"ty":"fl","c":{"a":0,"k":[0.987999949736,0.702000038297,0.086000001197,1],"ix":4},"o":{"a":0,"k":100,"ix":5},"r":1,"nm":"Fill 1","mn":"ADBE Vector Graphic - Fill","hd":false},{"ty":"tr","p":{"a":0,"k":[40.176,40.177],"ix":2},"a":{"a":0,"k":[0,0],"ix":1},"s":{"a":0,"k":[100,100],"ix":3},"r":{"a":0,"k":0,"ix":6},"o":{"a":0,"k":100,"ix":7},"sk":{"a":0,"k":0,"ix":4},"sa":{"a":0,"k":0,"ix":5},"nm":"Transform"}],"nm":"Group 2","np":3,"cix":2,"ix":1,"mn":"ADBE Vector Group","hd":false}],"ip":0,"op":750,"st":0,"bm":0},{"ddd":1,"ind":3,"ty":4,"nm":"Shape Layer 2","parent":1,"tt":1,"sr":1,"ks":{"o":{"a":0,"k":100,"ix":11},"rx":{"a":0,"k":0,"ix":8},"ry":{"a":0,"k":0,"ix":9},"rz":{"a":0,"k":30,"ix":10},"or":{"a":0,"k":[0,0,0],"ix":7},"p":{"a":1,"k":[{"i":{"x":0.411,"y":1},"o":{"x":0.167,"y":0.167},"n":"0p411_1_0p167_0p167","t":26,"s":[13.896,36.476,0],"e":[105.5,87,0],"to":[21.8895320892334,12.0730924606323,0],"ti":[0,0,0]},{"t":46}],"ix":2},"a":{"a":0,"k":[-77.5,2,0],"ix":1},"s":{"a":0,"k":[100,100,100],"ix":6}},"ao":0,"shapes":[{"ty":"gr","it":[{"ty":"rc","d":1,"s":{"a":0,"k":[19,153],"ix":2},"p":{"a":0,"k":[0,0],"ix":3},"r":{"a":0,"k":0,"ix":4},"nm":"Rectangle Path 1","mn":"ADBE Vector Shape - Rect","hd":false},{"ty":"fl","c":{"a":0,"k":[1,1,1,1],"ix":4},"o":{"a":0,"k":100,"ix":5},"r":1,"nm":"Fill 1","mn":"ADBE Vector Graphic - Fill","hd":false},{"ty":"tr","p":{"a":0,"k":[-77.5,2],"ix":2},"a":{"a":0,"k":[0,0],"ix":1},"s":{"a":0,"k":[100,100],"ix":3},"r":{"a":0,"k":0,"ix":6},"o":{"a":0,"k":100,"ix":7},"sk":{"a":0,"k":0,"ix":4},"sa":{"a":0,"k":0,"ix":5},"nm":"Transform"}],"nm":"Rectangle 1","np":3,"cix":2,"ix":1,"mn":"ADBE Vector Group","hd":false}],"ip":26,"op":776,"st":26,"bm":0},{"ddd":1,"ind":4,"ty":4,"nm":"Layer 1/B Outlines","sr":1,"ks":{"o":{"a":0,"k":100,"ix":11},"rx":{"a":0,"k":0,"ix":8},"ry":{"a":0,"k":0,"ix":9},"rz":{"a":0,"k":0,"ix":10},"or":{"a":0,"k":[0,0,0],"ix":7},"p":{"a":0,"k":[42.5,42.5,0],"ix":2},"a":{"a":0,"k":[40.5,40.5,0],"ix":1},"s":{"a":0,"k":[-100,100,100],"ix":6}},"ao":0,"shapes":[{"ty":"gr","it":[{"ind":0,"ty":"sh","ix":1,"ks":{"a":0,"k":{"i":[[2.416,0],[0,0],[0,0],[0,0],[0,0],[0,0],[0,2.415],[0,0]],"o":[[0,0],[0,0],[0,0],[0,0],[0,0],[2.416,0],[0,0],[0,-2.415]],"v":[[4.412,-4.72],[3.402,-4.72],[-8.793,-4.72],[-8.793,4.72],[-7.127,4.72],[4.412,4.72],[8.793,0.341],[8.793,-0.34]],"c":true},"ix":2},"nm":"Path 1","mn":"ADBE Vector Shape - Group","hd":false},{"ty":"fl","c":{"a":0,"k":[0.987999949736,0.702000038297,0.086000001197,1],"ix":4},"o":{"a":0,"k":100,"ix":5},"r":1,"nm":"Fill 1","mn":"ADBE Vector Graphic - Fill","hd":false},{"ty":"tr","p":{"a":0,"k":[43.587,48.762],"ix":2},"a":{"a":0,"k":[0,0],"ix":1},"s":{"a":0,"k":[100,100],"ix":3},"r":{"a":0,"k":0,"ix":6},"o":{"a":0,"k":100,"ix":7},"sk":{"a":0,"k":0,"ix":4},"sa":{"a":0,"k":0,"ix":5},"nm":"Transform"}],"nm":"Group 1","np":2,"cix":2,"ix":1,"mn":"ADBE Vector Group","hd":false},{"ty":"gr","it":[{"ind":0,"ty":"sh","ix":1,"ks":{"a":0,"k":{"i":[[0,0],[6.75,0],[0,0],[0,0],[0,0],[0,0],[0,0],[0,0],[0,0],[0,0],[0,0],[0,0],[0,0],[0,0],[0,0],[0,0],[0,0],[0,0],[0,0],[0,0],[0,0],[0,0],[0,0],[0,0],[0,0],[0,0],[0,0],[0,0],[0,-6.257],[0,0],[1.545,-1.994],[0,-3.543]],"o":[[0,6.747],[0,0],[0,0],[0,0],[0,0],[0,0],[0,0],[0,0],[0,0],[0,0],[0,0],[0,0],[0,0],[0,0],[0,0],[0,0],[0,0],[0,0],[0,0],[0,0],[0,0],[0,0],[0,0],[0,0],[0,0],[0,0],[0,0],[6.166,0.37],[0,0],[0,2.711],[2.419,2.236],[0,0]],"v":[[20.063,8.926],[7.822,21.161],[7.525,21.161],[7.525,24.773],[-0.333,24.773],[-0.333,21.161],[-3.554,21.161],[-3.554,24.773],[-11.409,24.773],[-11.409,21.161],[-13.24,21.161],[-17.138,21.161],[-17.138,13.305],[-13.24,13.305],[-13.24,3.865],[-13.24,-3.992],[-13.24,-12.494],[-17.138,-12.494],[-17.138,-20.35],[-13.24,-20.35],[-11.409,-20.35],[-11.409,-24.772],[-3.554,-24.772],[-3.554,-20.35],[-0.333,-20.35],[-0.333,-24.772],[7.525,-24.772],[7.525,-20.313],[18.599,-8.566],[18.599,-7.92],[16.122,-0.722],[20.063,8.244]],"c":true},"ix":2},"nm":"Path 1","mn":"ADBE Vector Shape - Group","hd":false},{"ind":1,"ty":"sh","ix":2,"ks":{"a":0,"k":{"i":[[22.051,0],[0,-22.052],[-22.051,0],[0,22.049]],"o":[[-22.051,0],[0,22.049],[22.051,0],[0,-22.052]],"v":[[0,-39.927],[-39.926,0.002],[0,39.927],[39.926,0.002]],"c":true},"ix":2},"nm":"Path 2","mn":"ADBE Vector Shape - Group","hd":false},{"ty":"mm","mm":1,"nm":"Merge Paths 1","mn":"ADBE Vector Filter - Merge","hd":false},{"ty":"fl","c":{"a":0,"k":[0.987999949736,0.702000038297,0.086000001197,1],"ix":4},"o":{"a":0,"k":100,"ix":5},"r":1,"nm":"Fill 1","mn":"ADBE Vector Graphic - Fill","hd":false},{"ty":"tr","p":{"a":0,"k":[40.176,40.177],"ix":2},"a":{"a":0,"k":[0,0],"ix":1},"s":{"a":0,"k":[100,100],"ix":3},"r":{"a":0,"k":0,"ix":6},"o":{"a":0,"k":100,"ix":7},"sk":{"a":0,"k":0,"ix":4},"sa":{"a":0,"k":0,"ix":5},"nm":"Transform"}],"nm":"Group 2","np":4,"cix":2,"ix":2,"mn":"ADBE Vector Group","hd":false},{"ty":"gr","it":[{"ind":0,"ty":"sh","ix":1,"ks":{"a":0,"k":{"i":[[0,2.166],[0,0],[2.163,0],[0,0],[0,0],[0,0],[0,0]],"o":[[0,0],[0,-2.167],[0,0],[0,0],[0,0],[0,0],[2.163,0]],"v":[[8.062,0.323],[8.062,-0.323],[4.132,-4.251],[-6.396,-4.251],[-8.062,-4.251],[-8.062,4.251],[4.132,4.251]],"c":true},"ix":2},"nm":"Path 1","mn":"ADBE Vector Shape - Group","hd":false},{"ty":"fl","c":{"a":0,"k":[0.987999949736,0.702000038297,0.086000001197,1],"ix":4},"o":{"a":0,"k":100,"ix":5},"r":1,"nm":"Fill 1","mn":"ADBE Vector Graphic - Fill","hd":false},{"ty":"tr","p":{"a":0,"k":[42.857,31.934],"ix":2},"a":{"a":0,"k":[0,0],"ix":1},"s":{"a":0,"k":[100,100],"ix":3},"r":{"a":0,"k":0,"ix":6},"o":{"a":0,"k":100,"ix":7},"sk":{"a":0,"k":0,"ix":4},"sa":{"a":0,"k":0,"ix":5},"nm":"Transform"}],"nm":"Group 3","np":2,"cix":2,"ix":3,"mn":"ADBE Vector Group","hd":false}],"ip":0,"op":750,"st":0,"bm":0},{"ddd":1,"ind":5,"ty":4,"nm":"Layer 1/B Outlines","sr":1,"ks":{"o":{"a":0,"k":100,"ix":11},"rx":{"a":0,"k":0,"ix":8},"ry":{"a":0,"k":0,"ix":9},"rz":{"a":0,"k":0,"ix":10},"or":{"a":0,"k":[0,0,0],"ix":7},"p":{"a":0,"k":[42.5,42.5,0],"ix":2},"a":{"a":0,"k":[40.5,40.5,0],"ix":1},"s":{"a":0,"k":[95,95,95],"ix":6}},"ao":0,"shapes":[{"ty":"gr","it":[{"ind":0,"ty":"sh","ix":1,"ks":{"a":0,"k":{"i":[[22.051,0],[0,-22.052],[-22.051,0],[0,22.049]],"o":[[-22.051,0],[0,22.049],[22.051,0],[0,-22.052]],"v":[[0,-39.927],[-39.926,0.002],[0,39.927],[39.926,0.002]],"c":true},"ix":2},"nm":"Path 2","mn":"ADBE Vector Shape - Group","hd":false},{"ty":"mm","mm":1,"nm":"Merge Paths 1","mn":"ADBE Vector Filter - Merge","hd":false},{"ty":"tr","p":{"a":0,"k":[40.176,40.177],"ix":2},"a":{"a":0,"k":[0,0],"ix":1},"s":{"a":0,"k":[100,100],"ix":3},"r":{"a":0,"k":0,"ix":6},"o":{"a":0,"k":100,"ix":7},"sk":{"a":0,"k":0,"ix":4},"sa":{"a":0,"k":0,"ix":5},"nm":"Transform"}],"nm":"Group 2","np":3,"cix":2,"ix":1,"mn":"ADBE Vector Group","hd":false},{"ty":"st","c":{"a":0,"k":[1,1,1,1],"ix":3},"o":{"a":0,"k":100,"ix":4},"w":{"a":0,"k":10,"ix":5},"lc":1,"lj":1,"ml":4,"nm":"Stroke 1","mn":"ADBE Vector Graphic - Stroke","hd":false}],"ip":0,"op":750,"st":0,"bm":0},{"ddd":1,"ind":6,"ty":4,"nm":"Shape Layer 1","sr":1,"ks":{"o":{"a":0,"k":100,"ix":11},"rx":{"a":0,"k":0,"ix":8},"ry":{"a":0,"k":0,"ix":9},"rz":{"a":0,"k":0,"ix":10},"or":{"a":0,"k":[0,0,0],"ix":7},"p":{"a":0,"k":[42.5,42.5,0],"ix":2},"a":{"a":0,"k":[0,0,0],"ix":1},"s":{"a":0,"k":[100,100,100],"ix":6}},"ao":0,"shapes":[{"ty":"gr","it":[{"d":1,"ty":"el","s":{"a":0,"k":[69.5,69.5],"ix":2},"p":{"a":0,"k":[0,0],"ix":3},"nm":"Ellipse Path 1","mn":"ADBE Vector Shape - Ellipse","hd":false},{"ty":"fl","c":{"a":0,"k":[1,1,1,1],"ix":4},"o":{"a":0,"k":100,"ix":5},"r":1,"nm":"Fill 1","mn":"ADBE Vector Graphic - Fill","hd":false},{"ty":"tr","p":{"a":0,"k":[0.5,2.25],"ix":2},"a":{"a":0,"k":[0,0],"ix":1},"s":{"a":0,"k":[100,100],"ix":3},"r":{"a":0,"k":0,"ix":6},"o":{"a":0,"k":100,"ix":7},"sk":{"a":0,"k":0,"ix":4},"sa":{"a":0,"k":0,"ix":5},"nm":"Transform"}],"nm":"Ellipse 1","np":3,"cix":2,"ix":1,"mn":"ADBE Vector Group","hd":false}],"ip":0,"op":750,"st":0,"bm":0}]}],"layers":[{"ddd":1,"ind":1,"ty":0,"nm":"Layer 103","parent":30,"refId":"comp_0","sr":1,"ks":{"o":{"a":0,"k":100,"ix":11},"rx":{"a":0,"k":0,"ix":8},"ry":{"a":0,"k":0,"ix":9},"rz":{"a":0,"k":0,"ix":10},"or":{"a":0,"k":[0,0,0],"ix":7},"p":{"s":true,"x":{"a":0,"k":60,"ix":3},"y":{"a":0,"k":60,"ix":4},"z":{"a":0,"k":0,"ix":5,"x":"var $bm_rt;\n$bm_rt = div(index, 4);"}},"a":{"a":0,"k":[42.161,42.161,0],"ix":1},"s":{"a":0,"k":[100,100,100],"ix":6}},"ao":0,"w":85,"h":85,"ip":0,"op":126,"st":0,"bm":0},{"ddd":1,"ind":3,"ty":0,"nm":"Layer 102","parent":30,"refId":"comp_1","sr":1,"ks":{"o":{"a":0,"k":100,"ix":11},"rx":{"a":0,"k":0,"ix":8},"ry":{"a":0,"k":0,"ix":9},"rz":{"a":0,"k":0,"ix":10},"or":{"a":0,"k":[0,0,0],"ix":7},"p":{"s":true,"x":{"a":0,"k":60,"ix":3},"y":{"a":0,"k":60,"ix":4},"z":{"a":0,"k":0,"ix":5,"x":"var $bm_rt;\n$bm_rt = div(index, 4);"}},"a":{"a":0,"k":[42.161,42.161,0],"ix":1},"s":{"a":0,"k":[100,100,100],"ix":6}},"ao":0,"w":85,"h":85,"ip":0,"op":126,"st":0,"bm":0},{"ddd":1,"ind":4,"ty":0,"nm":"Layer 77","parent":30,"refId":"comp_1","sr":1,"ks":{"o":{"a":0,"k":100,"ix":11},"rx":{"a":0,"k":0,"ix":8},"ry":{"a":0,"k":0,"ix":9},"rz":{"a":0,"k":0,"ix":10},"or":{"a":0,"k":[0,0,0],"ix":7},"p":{"s":true,"x":{"a":0,"k":60,"ix":3},"y":{"a":0,"k":60,"ix":4},"z":{"a":0,"k":0,"ix":5,"x":"var $bm_rt;\n$bm_rt = div(index, 4);"}},"a":{"a":0,"k":[42.161,42.161,0],"ix":1},"s":{"a":0,"k":[100,100,100],"ix":6}},"ao":0,"w":85,"h":85,"ip":0,"op":126,"st":0,"bm":0},{"ddd":1,"ind":5,"ty":0,"nm":"Layer 101","parent":30,"refId":"comp_1","sr":1,"ks":{"o":{"a":0,"k":100,"ix":11},"rx":{"a":0,"k":0,"ix":8},"ry":{"a":0,"k":0,"ix":9},"rz":{"a":0,"k":0,"ix":10},"or":{"a":0,"k":[0,0,0],"ix":7},"p":{"s":true,"x":{"a":0,"k":60,"ix":3},"y":{"a":0,"k":60,"ix":4},"z":{"a":0,"k":0,"ix":5,"x":"var $bm_rt;\n$bm_rt = div(index, 4);"}},"a":{"a":0,"k":[42.161,42.161,0],"ix":1},"s":{"a":0,"k":[100,100,100],"ix":6}},"ao":0,"w":85,"h":85,"ip":0,"op":126,"st":0,"bm":0},{"ddd":1,"ind":6,"ty":0,"nm":"Layer 66","parent":30,"refId":"comp_1","sr":1,"ks":{"o":{"a":0,"k":100,"ix":11},"rx":{"a":0,"k":0,"ix":8},"ry":{"a":0,"k":0,"ix":9},"rz":{"a":0,"k":0,"ix":10},"or":{"a":0,"k":[0,0,0],"ix":7},"p":{"s":true,"x":{"a":0,"k":60,"ix":3},"y":{"a":0,"k":60,"ix":4},"z":{"a":0,"k":0,"ix":5,"x":"var $bm_rt;\n$bm_rt = div(index, 4);"}},"a":{"a":0,"k":[42.161,42.161,0],"ix":1},"s":{"a":0,"k":[100,100,100],"ix":6}},"ao":0,"w":85,"h":85,"ip":0,"op":126,"st":0,"bm":0},{"ddd":1,"ind":7,"ty":0,"nm":"Layer 100","parent":30,"refId":"comp_1","sr":1,"ks":{"o":{"a":0,"k":100,"ix":11},"rx":{"a":0,"k":0,"ix":8},"ry":{"a":0,"k":0,"ix":9},"rz":{"a":0,"k":0,"ix":10},"or":{"a":0,"k":[0,0,0],"ix":7},"p":{"s":true,"x":{"a":0,"k":60,"ix":3},"y":{"a":0,"k":60,"ix":4},"z":{"a":0,"k":0,"ix":5,"x":"var $bm_rt;\n$bm_rt = div(index, 4);"}},"a":{"a":0,"k":[42.161,42.161,0],"ix":1},"s":{"a":0,"k":[100,100,100],"ix":6}},"ao":0,"w":85,"h":85,"ip":0,"op":126,"st":0,"bm":0},{"ddd":1,"ind":8,"ty":0,"nm":"Layer 55","parent":30,"refId":"comp_1","sr":1,"ks":{"o":{"a":0,"k":100,"ix":11},"rx":{"a":0,"k":0,"ix":8},"ry":{"a":0,"k":0,"ix":9},"rz":{"a":0,"k":0,"ix":10},"or":{"a":0,"k":[0,0,0],"ix":7},"p":{"s":true,"x":{"a":0,"k":60,"ix":3},"y":{"a":0,"k":60,"ix":4},"z":{"a":0,"k":0,"ix":5,"x":"var $bm_rt;\n$bm_rt = div(index, 4);"}},"a":{"a":0,"k":[42.161,42.161,0],"ix":1},"s":{"a":0,"k":[100,100,100],"ix":6}},"ao":0,"w":85,"h":85,"ip":0,"op":126,"st":0,"bm":0},{"ddd":1,"ind":9,"ty":0,"nm":"Layer 99","parent":30,"refId":"comp_1","sr":1,"ks":{"o":{"a":0,"k":100,"ix":11},"rx":{"a":0,"k":0,"ix":8},"ry":{"a":0,"k":0,"ix":9},"rz":{"a":0,"k":0,"ix":10},"or":{"a":0,"k":[0,0,0],"ix":7},"p":{"s":true,"x":{"a":0,"k":60,"ix":3},"y":{"a":0,"k":60,"ix":4},"z":{"a":0,"k":0,"ix":5,"x":"var $bm_rt;\n$bm_rt = div(index, 4);"}},"a":{"a":0,"k":[42.161,42.161,0],"ix":1},"s":{"a":0,"k":[100,100,100],"ix":6}},"ao":0,"w":85,"h":85,"ip":0,"op":126,"st":0,"bm":0},{"ddd":1,"ind":10,"ty":0,"nm":"Layer 44","parent":30,"refId":"comp_1","sr":1,"ks":{"o":{"a":0,"k":100,"ix":11},"rx":{"a":0,"k":0,"ix":8},"ry":{"a":0,"k":0,"ix":9},"rz":{"a":0,"k":0,"ix":10},"or":{"a":0,"k":[0,0,0],"ix":7},"p":{"s":true,"x":{"a":0,"k":60,"ix":3},"y":{"a":0,"k":60,"ix":4},"z":{"a":0,"k":0,"ix":5,"x":"var $bm_rt;\n$bm_rt = div(index, 4);"}},"a":{"a":0,"k":[42.161,42.161,0],"ix":1},"s":{"a":0,"k":[100,100,100],"ix":6}},"ao":0,"w":85,"h":85,"ip":0,"op":126,"st":0,"bm":0},{"ddd":1,"ind":11,"ty":0,"nm":"Layer 98","parent":30,"refId":"comp_1","sr":1,"ks":{"o":{"a":0,"k":100,"ix":11},"rx":{"a":0,"k":0,"ix":8},"ry":{"a":0,"k":0,"ix":9},"rz":{"a":0,"k":0,"ix":10},"or":{"a":0,"k":[0,0,0],"ix":7},"p":{"s":true,"x":{"a":0,"k":60,"ix":3},"y":{"a":0,"k":60,"ix":4},"z":{"a":0,"k":0,"ix":5,"x":"var $bm_rt;\n$bm_rt = div(index, 4);"}},"a":{"a":0,"k":[42.161,42.161,0],"ix":1},"s":{"a":0,"k":[100,100,100],"ix":6}},"ao":0,"w":85,"h":85,"ip":0,"op":126,"st":0,"bm":0},{"ddd":1,"ind":12,"ty":0,"nm":"Layer 33","parent":30,"refId":"comp_1","sr":1,"ks":{"o":{"a":0,"k":100,"ix":11},"rx":{"a":0,"k":0,"ix":8},"ry":{"a":0,"k":0,"ix":9},"rz":{"a":0,"k":0,"ix":10},"or":{"a":0,"k":[0,0,0],"ix":7},"p":{"s":true,"x":{"a":0,"k":60,"ix":3},"y":{"a":0,"k":60,"ix":4},"z":{"a":0,"k":0,"ix":5,"x":"var $bm_rt;\n$bm_rt = div(index, 4);"}},"a":{"a":0,"k":[42.161,42.161,0],"ix":1},"s":{"a":0,"k":[100,100,100],"ix":6}},"ao":0,"w":85,"h":85,"ip":0,"op":126,"st":0,"bm":0},{"ddd":1,"ind":13,"ty":0,"nm":"Layer 97","parent":30,"refId":"comp_1","sr":1,"ks":{"o":{"a":0,"k":100,"ix":11},"rx":{"a":0,"k":0,"ix":8},"ry":{"a":0,"k":0,"ix":9},"rz":{"a":0,"k":0,"ix":10},"or":{"a":0,"k":[0,0,0],"ix":7},"p":{"s":true,"x":{"a":0,"k":60,"ix":3},"y":{"a":0,"k":60,"ix":4},"z":{"a":0,"k":0,"ix":5,"x":"var $bm_rt;\n$bm_rt = div(index, 4);"}},"a":{"a":0,"k":[42.161,42.161,0],"ix":1},"s":{"a":0,"k":[100,100,100],"ix":6}},"ao":0,"w":85,"h":85,"ip":0,"op":126,"st":0,"bm":0},{"ddd":1,"ind":14,"ty":0,"nm":"Layer 22","parent":30,"refId":"comp_1","sr":1,"ks":{"o":{"a":0,"k":100,"ix":11},"rx":{"a":0,"k":0,"ix":8},"ry":{"a":0,"k":0,"ix":9},"rz":{"a":0,"k":0,"ix":10},"or":{"a":0,"k":[0,0,0],"ix":7},"p":{"s":true,"x":{"a":0,"k":60,"ix":3},"y":{"a":0,"k":60,"ix":4},"z":{"a":0,"k":0,"ix":5,"x":"var $bm_rt;\n$bm_rt = div(index, 4);"}},"a":{"a":0,"k":[42.161,42.161,0],"ix":1},"s":{"a":0,"k":[100,100,100],"ix":6}},"ao":0,"w":85,"h":85,"ip":0,"op":126,"st":0,"bm":0},{"ddd":1,"ind":15,"ty":0,"nm":"Layer 96","parent":30,"refId":"comp_1","sr":1,"ks":{"o":{"a":0,"k":100,"ix":11},"rx":{"a":0,"k":0,"ix":8},"ry":{"a":0,"k":0,"ix":9},"rz":{"a":0,"k":0,"ix":10},"or":{"a":0,"k":[0,0,0],"ix":7},"p":{"s":true,"x":{"a":0,"k":60,"ix":3},"y":{"a":0,"k":60,"ix":4},"z":{"a":0,"k":0,"ix":5,"x":"var $bm_rt;\n$bm_rt = div(index, 4);"}},"a":{"a":0,"k":[42.161,42.161,0],"ix":1},"s":{"a":0,"k":[100,100,100],"ix":6}},"ao":0,"w":85,"h":85,"ip":0,"op":126,"st":0,"bm":0},{"ddd":1,"ind":16,"ty":0,"nm":"Layer 11","parent":30,"refId":"comp_1","sr":1,"ks":{"o":{"a":0,"k":100,"ix":11},"rx":{"a":0,"k":0,"ix":8},"ry":{"a":0,"k":0,"ix":9},"rz":{"a":0,"k":0,"ix":10},"or":{"a":0,"k":[0,0,0],"ix":7},"p":{"s":true,"x":{"a":0,"k":60,"ix":3},"y":{"a":0,"k":60,"ix":4},"z":{"a":0,"k":0,"ix":5,"x":"var $bm_rt;\n$bm_rt = div(index, 4);"}},"a":{"a":0,"k":[42.161,42.161,0],"ix":1},"s":{"a":0,"k":[100,100,100],"ix":6}},"ao":0,"w":85,"h":85,"ip":0,"op":126,"st":0,"bm":0},{"ddd":1,"ind":17,"ty":0,"nm":"Layer 95","parent":30,"refId":"comp_1","sr":1,"ks":{"o":{"a":0,"k":100,"ix":11},"rx":{"a":0,"k":0,"ix":8},"ry":{"a":0,"k":0,"ix":9},"rz":{"a":0,"k":0,"ix":10},"or":{"a":0,"k":[0,0,0],"ix":7},"p":{"s":true,"x":{"a":0,"k":60,"ix":3},"y":{"a":0,"k":60,"ix":4},"z":{"a":0,"k":0,"ix":5,"x":"var $bm_rt;\n$bm_rt = div(index, 4);"}},"a":{"a":0,"k":[42.161,42.161,0],"ix":1},"s":{"a":0,"k":[100,100,100],"ix":6}},"ao":0,"w":85,"h":85,"ip":0,"op":126,"st":0,"bm":0},{"ddd":1,"ind":18,"ty":0,"nm":"Layer 87","parent":30,"refId":"comp_1","sr":1,"ks":{"o":{"a":0,"k":100,"ix":11},"rx":{"a":0,"k":0,"ix":8},"ry":{"a":0,"k":0,"ix":9},"rz":{"a":0,"k":0,"ix":10},"or":{"a":0,"k":[0,0,0],"ix":7},"p":{"s":true,"x":{"a":0,"k":60,"ix":3},"y":{"a":0,"k":60,"ix":4},"z":{"a":0,"k":0,"ix":5,"x":"var $bm_rt;\n$bm_rt = div(index, 4);"}},"a":{"a":0,"k":[42.161,42.161,0],"ix":1},"s":{"a":0,"k":[100,100,100],"ix":6}},"ao":0,"w":85,"h":85,"ip":0,"op":126,"st":0,"bm":0},{"ddd":1,"ind":19,"ty":0,"nm":"Layer 94","parent":30,"refId":"comp_1","sr":1,"ks":{"o":{"a":0,"k":100,"ix":11},"rx":{"a":0,"k":0,"ix":8},"ry":{"a":0,"k":0,"ix":9},"rz":{"a":0,"k":0,"ix":10},"or":{"a":0,"k":[0,0,0],"ix":7},"p":{"s":true,"x":{"a":0,"k":60,"ix":3},"y":{"a":0,"k":60,"ix":4},"z":{"a":0,"k":0,"ix":5,"x":"var $bm_rt;\n$bm_rt = div(index, 4);"}},"a":{"a":0,"k":[42.161,42.161,0],"ix":1},"s":{"a":0,"k":[100,100,100],"ix":6}},"ao":0,"w":85,"h":85,"ip":0,"op":126,"st":0,"bm":0},{"ddd":1,"ind":20,"ty":0,"nm":"Layer 76","parent":30,"refId":"comp_1","sr":1,"ks":{"o":{"a":0,"k":100,"ix":11},"rx":{"a":0,"k":0,"ix":8},"ry":{"a":0,"k":0,"ix":9},"rz":{"a":0,"k":0,"ix":10},"or":{"a":0,"k":[0,0,0],"ix":7},"p":{"s":true,"x":{"a":0,"k":60,"ix":3},"y":{"a":0,"k":60,"ix":4},"z":{"a":0,"k":0,"ix":5,"x":"var $bm_rt;\n$bm_rt = div(index, 4);"}},"a":{"a":0,"k":[42.161,42.161,0],"ix":1},"s":{"a":0,"k":[100,100,100],"ix":6}},"ao":0,"w":85,"h":85,"ip":0,"op":126,"st":0,"bm":0},{"ddd":1,"ind":21,"ty":0,"nm":"Layer 93","parent":30,"refId":"comp_1","sr":1,"ks":{"o":{"a":0,"k":100,"ix":11},"rx":{"a":0,"k":0,"ix":8},"ry":{"a":0,"k":0,"ix":9},"rz":{"a":0,"k":0,"ix":10},"or":{"a":0,"k":[0,0,0],"ix":7},"p":{"s":true,"x":{"a":0,"k":60,"ix":3},"y":{"a":0,"k":60,"ix":4},"z":{"a":0,"k":0,"ix":5,"x":"var $bm_rt;\n$bm_rt = div(index, 4);"}},"a":{"a":0,"k":[42.161,42.161,0],"ix":1},"s":{"a":0,"k":[100,100,100],"ix":6}},"ao":0,"w":85,"h":85,"ip":0,"op":126,"st":0,"bm":0},{"ddd":1,"ind":22,"ty":0,"nm":"Layer 65","parent":30,"refId":"comp_1","sr":1,"ks":{"o":{"a":0,"k":100,"ix":11},"rx":{"a":0,"k":0,"ix":8},"ry":{"a":0,"k":0,"ix":9},"rz":{"a":0,"k":0,"ix":10},"or":{"a":0,"k":[0,0,0],"ix":7},"p":{"s":true,"x":{"a":0,"k":60,"ix":3},"y":{"a":0,"k":60,"ix":4},"z":{"a":0,"k":0,"ix":5,"x":"var $bm_rt;\n$bm_rt = div(index, 4);"}},"a":{"a":0,"k":[42.161,42.161,0],"ix":1},"s":{"a":0,"k":[100,100,100],"ix":6}},"ao":0,"w":85,"h":85,"ip":0,"op":126,"st":0,"bm":0},{"ddd":1,"ind":23,"ty":0,"nm":"Layer 92","parent":30,"refId":"comp_1","sr":1,"ks":{"o":{"a":0,"k":100,"ix":11},"rx":{"a":0,"k":0,"ix":8},"ry":{"a":0,"k":0,"ix":9},"rz":{"a":0,"k":0,"ix":10},"or":{"a":0,"k":[0,0,0],"ix":7},"p":{"s":true,"x":{"a":0,"k":60,"ix":3},"y":{"a":0,"k":60,"ix":4},"z":{"a":0,"k":0,"ix":5,"x":"var $bm_rt;\n$bm_rt = div(index, 4);"}},"a":{"a":0,"k":[42.161,42.161,0],"ix":1},"s":{"a":0,"k":[100,100,100],"ix":6}},"ao":0,"w":85,"h":85,"ip":0,"op":126,"st":0,"bm":0},{"ddd":1,"ind":24,"ty":0,"nm":"Layer 54","parent":30,"refId":"comp_1","sr":1,"ks":{"o":{"a":0,"k":100,"ix":11},"rx":{"a":0,"k":0,"ix":8},"ry":{"a":0,"k":0,"ix":9},"rz":{"a":0,"k":0,"ix":10},"or":{"a":0,"k":[0,0,0],"ix":7},"p":{"s":true,"x":{"a":0,"k":60,"ix":3},"y":{"a":0,"k":60,"ix":4},"z":{"a":0,"k":0,"ix":5,"x":"var $bm_rt;\n$bm_rt = div(index, 4);"}},"a":{"a":0,"k":[42.161,42.161,0],"ix":1},"s":{"a":0,"k":[100,100,100],"ix":6}},"ao":0,"w":85,"h":85,"ip":0,"op":126,"st":0,"bm":0},{"ddd":1,"ind":25,"ty":0,"nm":"Layer 91","parent":30,"refId":"comp_1","sr":1,"ks":{"o":{"a":0,"k":100,"ix":11},"rx":{"a":0,"k":0,"ix":8},"ry":{"a":0,"k":0,"ix":9},"rz":{"a":0,"k":0,"ix":10},"or":{"a":0,"k":[0,0,0],"ix":7},"p":{"s":true,"x":{"a":0,"k":60,"ix":3},"y":{"a":0,"k":60,"ix":4},"z":{"a":0,"k":0,"ix":5,"x":"var $bm_rt;\n$bm_rt = div(index, 4);"}},"a":{"a":0,"k":[42.161,42.161,0],"ix":1},"s":{"a":0,"k":[100,100,100],"ix":6}},"ao":0,"w":85,"h":85,"ip":0,"op":126,"st":0,"bm":0},{"ddd":1,"ind":26,"ty":0,"nm":"Layer 43","parent":30,"refId":"comp_1","sr":1,"ks":{"o":{"a":0,"k":100,"ix":11},"rx":{"a":0,"k":0,"ix":8},"ry":{"a":0,"k":0,"ix":9},"rz":{"a":0,"k":0,"ix":10},"or":{"a":0,"k":[0,0,0],"ix":7},"p":{"s":true,"x":{"a":0,"k":60,"ix":3},"y":{"a":0,"k":60,"ix":4},"z":{"a":0,"k":0,"ix":5,"x":"var $bm_rt;\n$bm_rt = div(index, 4);"}},"a":{"a":0,"k":[42.161,42.161,0],"ix":1},"s":{"a":0,"k":[100,100,100],"ix":6}},"ao":0,"w":85,"h":85,"ip":0,"op":126,"st":0,"bm":0},{"ddd":1,"ind":27,"ty":0,"nm":"Layer 90","parent":30,"refId":"comp_1","sr":1,"ks":{"o":{"a":0,"k":100,"ix":11},"rx":{"a":0,"k":0,"ix":8},"ry":{"a":0,"k":0,"ix":9},"rz":{"a":0,"k":0,"ix":10},"or":{"a":0,"k":[0,0,0],"ix":7},"p":{"s":true,"x":{"a":0,"k":60,"ix":3},"y":{"a":0,"k":60,"ix":4},"z":{"a":0,"k":0,"ix":5,"x":"var $bm_rt;\n$bm_rt = div(index, 4);"}},"a":{"a":0,"k":[42.161,42.161,0],"ix":1},"s":{"a":0,"k":[100,100,100],"ix":6}},"ao":0,"w":85,"h":85,"ip":0,"op":126,"st":0,"bm":0},{"ddd":1,"ind":28,"ty":0,"nm":"Layer 89","parent":30,"refId":"comp_1","sr":1,"ks":{"o":{"a":0,"k":100,"ix":11},"rx":{"a":0,"k":0,"ix":8},"ry":{"a":0,"k":0,"ix":9},"rz":{"a":0,"k":0,"ix":10},"or":{"a":0,"k":[0,0,0],"ix":7},"p":{"s":true,"x":{"a":0,"k":60,"ix":3},"y":{"a":0,"k":60,"ix":4},"z":{"a":0,"k":0,"ix":5,"x":"var $bm_rt;\n$bm_rt = div(index, 4);"}},"a":{"a":0,"k":[42.161,42.161,0],"ix":1},"s":{"a":0,"k":[100,100,100],"ix":6}},"ao":0,"w":85,"h":85,"ip":0,"op":126,"st":0,"bm":0},{"ddd":1,"ind":29,"ty":0,"nm":"Layer 32","parent":30,"refId":"comp_2","sr":1,"ks":{"o":{"a":0,"k":100,"ix":11},"rx":{"a":0,"k":0,"ix":8},"ry":{"a":0,"k":0,"ix":9},"rz":{"a":0,"k":0,"ix":10},"or":{"a":0,"k":[0,0,0],"ix":7},"p":{"s":true,"x":{"a":0,"k":60,"ix":3},"y":{"a":0,"k":60,"ix":4},"z":{"a":0,"k":0,"ix":5,"x":"var $bm_rt;\n$bm_rt = div(index, 4);"}},"a":{"a":0,"k":[42.161,42.161,0],"ix":1},"s":{"a":0,"k":[100,100,100],"ix":6}},"ao":0,"w":85,"h":85,"ip":0,"op":126,"st":0,"bm":0},{"ddd":1,"ind":30,"ty":3,"nm":"NULL CONTROL","sr":1,"ks":{"o":{"a":0,"k":0,"ix":11},"rx":{"a":0,"k":0,"ix":8},"ry":{"a":1,"k":[{"i":{"x":[0.833],"y":[0.83]},"o":{"x":[0.626],"y":[0]},"n":["0p833_0p83_0p626_0"],"t":0,"s":[0],"e":[88.287]},{"i":{"x":[0.833],"y":[0.89]},"o":{"x":[0.167],"y":[0.117]},"n":["0p833_0p89_0p167_0p117"],"t":24,"s":[88.287],"e":[93.613]},{"i":{"x":[0.374],"y":[1]},"o":{"x":[0.167],"y":[0.17]},"n":["0p374_1_0p167_0p17"],"t":25,"s":[93.613],"e":[180]},{"i":{"x":[0.35],"y":[1]},"o":{"x":[0.65],"y":[0]},"n":["0p35_1_0p65_0"],"t":50,"s":[180],"e":[180]},{"i":{"x":[0.833],"y":[0.815]},"o":{"x":[0.469],"y":[0]},"n":["0p833_0p815_0p469_0"],"t":64,"s":[180],"e":[263.663]},{"i":{"x":[0.833],"y":[0.922]},"o":{"x":[0.167],"y":[0.039]},"n":["0p833_0p922_0p167_0p039"],"t":97,"s":[263.663],"e":[275.801]},{"i":{"x":[0.734],"y":[1]},"o":{"x":[0.167],"y":[0.179]},"n":["0p734_1_0p167_0p179"],"t":98,"s":[275.801],"e":[360]},{"t":114}],"ix":9},"rz":{"a":0,"k":0,"ix":10},"or":{"a":0,"k":[0,0,0],"ix":7},"p":{"a":0,"k":[144,144,0],"ix":2},"a":{"a":0,"k":[60,60,0],"ix":1},"s":{"a":0,"k":[200,200,200],"ix":6}},"ao":0,"ip":0,"op":126,"st":0,"bm":0}],"markers":[]}